{
    "rmse": 0.7116511586464748,
    "mae": 0.5684482634227679,
    "r2": 0.14370999507075688
}