{
    "rmse": 0.7727464170966405,
    "mae": 0.630971025538865,
    "r2": 0.14813363510011757
}